year_month,num_prs,num_releases,avg_hours_to_first_review,avg_hours_review_to_merge,avg_hours_full_pr_cycle,avg_hours_merge_to_release
2021-06,297425,59061,35.63545431621421,19.22118181054046,55.05669328402123,27.155110817629232
2025-06,219480,71406,30.81768726079823,18.02079460543102,49.00920812830332,34.871313335013866
