level,high_2021,high_2025,high_change_pct,low_2021,low_2025,low_change_pct,did_effect
Task (PR),18.07989270464341,9.684750034143052,-46.433586789728324,33.14000725426186,27.68165374677003,-16.470586338782034,-29.96300045094629
Job (Release),27.22334824745855,35.53576426043296,30.53414274179307,12.41842610364683,31.1309523809524,150.68355781261525,-120.14941507082219
