period,all_n,all_median_gap,all_mean_gap,top20_n,top20_median_gap,top20_mean_gap,top20_p25_gap,top20_p75_gap
2021,59490,23.0,77.877631857331,37586,22.0,59.033151419275754,11.0,45.0
2025,82631,23.0,78.11584824917495,49934,22.0,59.46717930054743,8.0,46.0
