year_month,year,month,high_exposure,post_treatment,num_repos,num_prs,avg_lead_time_hours,median_lead_time_hours,std_lead_time_hours,avg_commits_per_pr,avg_review_comments,avg_code_churn,avg_changed_files,avg_additions,avg_deletions
2025-05,2025,5,False,True,43,112,275.59821428571416,217,194.21829734556303,8.723214285714285,5.732142857142858,1321.0624999999998,20.053571428571423,807.6875000000001,513.3750000000002
2025-05,2025,5,True,True,6003,15453,262.7100886559242,206,193.65209269526002,8.733320390862618,4.029702970297029,1009.1166763735202,15.158480553937736,717.2374296253153,291.8792467482044
2025-06,2025,6,False,True,101,1935,27.68165374677003,1,67.85108968629298,4.022222222222224,0.8470284237726106,968.5953488372102,13.624806201550395,737.6863049095605,230.90904392764847
2025-06,2025,6,True,True,32592,776146,9.684750034143052,0,38.92734420782708,3.4356409747650565,0.33725742321676583,794.7674264893462,9.971817158112001,497.84712154671934,296.92030494262684
