high_exposure,year_month,num_prs,num_repos,num_authors,avg_churn,avg_additions,avg_deletions,avg_files,median_churn,p75_churn,p90_churn,median_files,p75_files,avg_commits,median_commits,p75_commits,avg_review_comments,median_review_comments,avg_comments,avg_lead_time,median_lead_time,p75_lead_time
False,2021-06,5746,1454,1635,4107.570657848943,2134.1054646710772,1973.465193177865,16.236860424643204,50,247,1162,3,8,5.739296902192825,2,4,1.010268012530456,0,0.8007309432648796,52.22415593456314,2,40
True,2021-06,1102066,217001,167994,3240.073104514614,2214.8256628913355,1025.2474416232785,21.12994503051543,36,195,873,2,6,4.300219769051945,1,3,0.4454297655494317,0,0.3784437592666864,38.6551059555417,0,15
