high_exposure,year_month,num_prs,num_repos,num_authors,avg_churn,avg_additions,avg_deletions,avg_files,median_churn,p75_churn,p90_churn,median_files,p75_files,avg_commits,median_commits,p75_commits,avg_review_comments,median_review_comments,avg_comments,avg_lead_time,median_lead_time,p75_lead_time
True,2025-06,1450275,293981,255024,3648.51665442761,2292.989450966195,1355.527203461411,23.706825257278812,59,298,1316,2,7,3.945881987898847,1,2,0.3545830963093207,0,0.40775921807933035,18.23776111427143,0,1
False,2025-06,4483,1241,1432,10418.039482489403,8596.035690385903,1822.0037921035018,23.244033013606973,53,269,1205,3,7,5.652910997100163,1,3,0.8703992861922807,0,0.5978139638634836,44.90742806156588,1,23
