year_month,high_exposure,num_prs,num_repos,num_authors,avg_lead_time_hours,median_lead_time_hours,p75_lead_time_hours,avg_time_to_review_hours,median_time_to_review_hours,num_active_developers,avg_prs_per_developer_month,median_prs_per_developer_month,std_prs_per_developer_month,total_prs_from_throughput,avg_active_weeks,avg_inter_pr_gap_hours,median_inter_pr_gap_hours,avg_p75_gap_hours,avg_inter_pr_gap_business_days,median_inter_pr_gap_business_days,num_developers_with_gaps,post_treatment
2021-06,True,1102066,217001,167994,38.65510595554167,0,15,35.42470957095709,1,167847,4.193801497792633,2.0,13.88149848142607,703917,1.6967714644884926,77.877631857331,23.0,115.26522104555387,9.734703982166375,2.875,59490,False
2021-06,False,5746,1454,1635,52.224155934563164,2,40,43.75418125243097,3,1623,3.152803450400493,1.0,4.611417286055194,5117,1.6420209488601356,96.37905686405354,26.0,142.60803059273422,12.047382108006692,3.25,523,False
2025-06,True,1450275,293981,255024,18.237761114271425,0,1,29.850925715656835,0,254132,4.132230494388743,2.0,14.541470428552579,1050132,1.579938771976768,78.11584824917495,23.0,114.21519768609843,9.764481031146868,2.875,82631,True
2025-06,False,4483,1241,1432,44.90742806156591,1,23,53.68839427662959,5,1417,2.6556104446012703,1.0,4.025162548650013,3763,1.4982357092448835,104.3829382661945,29.0,154.58247422680412,13.047867283274313,3.625,388,True
