level,activity,description,hours_2021,hours_2025,change_pct
1,Time to First Review,Waiting for reviewer,35.63545431621421,30.81768726079823,-13.519589262606601
2,Review to Merge,Review + iteration,19.22118181054046,18.02079460543102,-6.245126948703927
3,Full PR Cycle,Complete task,55.05669328402123,49.00920812830332,-10.984105283113744
4,Merge to Release,Release overhead,27.155110817629232,34.871313335013866,28.415286423265982
