high_exposure,year_month,num_prs,num_repos,num_authors,avg_lead_time_hours,median_lead_time_hours,p75_lead_time_hours,p90_lead_time_hours,std_lead_time_hours,avg_time_to_review_hours,median_time_to_review_hours,avg_pr_size,median_pr_size
False,2025-06,4483,1241,1432,44.90742806156591,1,23,140,110.22738514188599,53.68839427662959,5,10418.039482489392,53
True,2025-06,1450275,293981,255024,18.237761114271425,0,1,31,69.11237754191986,29.850925715656835,0,3648.516654427609,60
